"Sr No","SAP ID",DATE,TIME,CH1_Voltage,CH1_Current,CH1_KW,CH1_KWH,CH2_Voltage,CH2_Current,CH2_KW,CH2_KWH,CH3_Voltage,CH3_Current,CH3_KW,CH3_KWH,CH4_Voltage,CH4_Current,CH4_KW,CH4_KWH
1,I-MU-BHND-ENB-9139,13-06-2022,15:22:30,53.1,040.4,2.14,3103.134,--.-,---.-,0.00,0.000,--.-,---.-,0.00,0.000,--.-,---.-,0.00,0.000,
2,I-MU-BHND-ENB-9139,13-06-2022,14:22:07,53.2,041.2,2.19,3100.862,--.-,---.-,0.00,0.000,--.-,---.-,0.00,0.000,--.-,---.-,0.00,0.000,
3,I-MU-BHND-ENB-9139,13-06-2022,13:21:50,53.2,042.5,2.26,3098.378,--.-,---.-,0.00,0.000,--.-,---.-,0.00,0.000,--.-,---.-,0.00,0.000,
4,I-MU-BHND-ENB-9139,13-06-2022,12:21:37,53.1,039.4,2.30,3096.103,--.-,---.-,0.00,0.000,--.-,---.-,0.00,0.000,--.-,---.-,0.00,0.000,
5,I-MU-BHND-ENB-9139,13-06-2022,11:21:25,53.0,046.2,2.44,3093.818,--.-,---.-,0.00,0.000,--.-,---.-,0.00,0.000,--.-,---.-,0.00,0.000,
6,I-MU-BHND-ENB-9139,13-06-2022,10:21:04,53.1,042.6,2.26,3091.530,--.-,---.-,0.00,0.000,--.-,---.-,0.00,0.000,--.-,---.-,0.00,0.000,
7,I-MU-BHND-ENB-9139,13-06-2022,09:20:49,53.2,039.9,2.12,3089.229,--.-,---.-,0.00,0.000,--.-,---.-,0.00,0.000,--.-,---.-,0.00,0.000,
8,I-MU-BHND-ENB-9139,13-06-2022,08:20:27,53.2,038.0,2.02,3087.039,--.-,---.-,0.00,0.000,--.-,---.-,0.00,0.000,--.-,---.-,0.00,0.000,
9,I-MU-BHND-ENB-9139,13-06-2022,07:20:08,53.3,035.7,1.90,3085.075,--.-,---.-,0.00,0.000,--.-,---.-,0.00,0.000,--.-,---.-,0.00,0.000,
10,I-MU-BHND-ENB-9139,13-06-2022,06:19:56,53.5,027.4,1.46,3083.304,--.-,---.-,0.00,0.000,--.-,---.-,0.00,0.000,--.-,---.-,0.00,0.000,
11,I-MU-BHND-ENB-9139,13-06-2022,05:19:43,53.5,025.4,1.35,3081.853,--.-,---.-,0.00,0.000,--.-,---.-,0.00,0.000,--.-,---.-,0.00,0.000,
12,I-MU-BHND-ENB-9139,13-06-2022,04:19:26,53.5,026.8,1.43,3080.450,--.-,---.-,0.00,0.000,--.-,---.-,0.00,0.000,--.-,---.-,0.00,0.000,
13,I-MU-BHND-ENB-9139,13-06-2022,03:19:03,53.4,030.5,1.62,3078.935,--.-,---.-,0.00,0.000,--.-,---.-,0.00,0.000,--.-,---.-,0.00,0.000,
14,I-MU-BHND-ENB-9139,13-06-2022,02:18:51,53.3,030.2,1.60,3077.304,--.-,---.-,0.00,0.000,--.-,---.-,0.00,0.000,--.-,---.-,0.00,0.000,
15,I-MU-BHND-ENB-9139,13-06-2022,01:18:39,53.4,028.7,1.53,3075.521,--.-,---.-,0.00,0.000,--.-,---.-,0.00,0.000,--.-,---.-,0.00,0.000,
16,I-MU-BHND-ENB-9139,13-06-2022,00:17:48,53.2,048.3,2.56,3073.335,--.-,---.-,0.00,0.000,--.-,---.-,0.00,0.000,--.-,---.-,0.00,0.000,
17,I-MU-BHND-ENB-9139,12-06-2022,23:17:28,53.1,049.1,2.60,3070.834,--.-,---.-,0.00,0.000,--.-,---.-,0.00,0.000,--.-,---.-,0.00,0.000,
18,I-MU-BHND-ENB-9139,12-06-2022,22:17:16,53.1,049.4,2.62,3068.277,--.-,---.-,0.00,0.000,--.-,---.-,0.00,0.000,--.-,---.-,0.00,0.000,
19,I-MU-BHND-ENB-9139,12-06-2022,21:16:54,52.9,041.7,2.20,3065.782,--.-,---.-,0.00,0.000,--.-,---.-,0.00,0.000,--.-,---.-,0.00,0.000,
20,I-MU-BHND-ENB-9139,12-06-2022,20:16:37,53.1,046.0,2.44,3063.371,--.-,---.-,0.00,0.000,--.-,---.-,0.00,0.000,--.-,---.-,0.00,0.000,
21,I-MU-BHND-ENB-9139,12-06-2022,19:16:15,53.1,044.1,2.34,3061.013,--.-,---.-,0.00,0.000,--.-,---.-,0.00,0.000,--.-,---.-,0.00,0.000,
22,I-MU-BHND-ENB-9139,12-06-2022,18:16:00,53.1,043.4,2.30,3058.681,--.-,---.-,0.00,0.000,--.-,---.-,0.00,0.000,--.-,---.-,0.00,0.000,
23,I-MU-BHND-ENB-9139,12-06-2022,17:15:36,53.0,045.7,2.42,3056.343,--.-,---.-,0.00,0.000,--.-,---.-,0.00,0.000,--.-,---.-,0.00,0.000,
24,I-MU-BHND-ENB-9139,12-06-2022,16:15:13,53.0,046.3,2.45,3054.050,--.-,---.-,0.00,0.000,--.-,---.-,0.00,0.000,--.-,---.-,0.00,0.000,
25,I-MU-BHND-ENB-9139,12-06-2022,15:14:53,53.0,046.2,2.44,3051.696,--.-,---.-,0.00,0.000,--.-,---.-,0.00,0.000,--.-,---.-,0.00,0.000,
26,I-MU-BHND-ENB-9139,12-06-2022,14:14:33,53.1,046.1,2.44,3049.253,--.-,---.-,0.00,0.000,--.-,---.-,0.00,0.000,--.-,---.-,0.00,0.000,
27,I-MU-BHND-ENB-9139,12-06-2022,13:14:10,53.1,043.2,2.29,3046.842,--.-,---.-,0.00,0.000,--.-,---.-,0.00,0.000,--.-,---.-,0.00,0.000,
28,I-MU-BHND-ENB-9139,12-06-2022,12:13:58,53.1,041.5,2.20,3044.531,--.-,---.-,0.00,0.000,--.-,---.-,0.00,0.000,--.-,---.-,0.00,0.000,
29,I-MU-BHND-ENB-9139,12-06-2022,11:13:24,53.0,043.8,2.32,3042.276,--.-,---.-,0.00,0.000,--.-,---.-,0.00,0.000,--.-,---.-,0.00,0.000,
30,I-MU-BHND-ENB-9139,12-06-2022,10:13:06,53.0,047.6,2.52,3039.993,--.-,---.-,0.00,0.000,--.-,---.-,0.00,0.000,--.-,---.-,0.00,0.000,
31,I-MU-BHND-ENB-9139,12-06-2022,09:12:46,53.1,044.2,2.34,3037.745,--.-,---.-,0.00,0.000,--.-,---.-,0.00,0.000,--.-,---.-,0.00,0.000,
32,I-MU-BHND-ENB-9139,12-06-2022,08:12:24,53.3,036.9,1.96,3035.574,--.-,---.-,0.00,0.000,--.-,---.-,0.00,0.000,--.-,---.-,0.00,0.000,
33,I-MU-BHND-ENB-9139,12-06-2022,07:12:12,53.4,032.3,1.72,3033.598,--.-,---.-,0.00,0.000,--.-,---.-,0.00,0.000,--.-,---.-,0.00,0.000,
34,I-MU-BHND-ENB-9139,12-06-2022,06:11:50,53.4,028.2,1.50,3031.850,--.-,---.-,0.00,0.000,--.-,---.-,0.00,0.000,--.-,---.-,0.00,0.000,
35,I-MU-BHND-ENB-9139,12-06-2022,05:11:30,53.5,026.3,1.40,3030.385,--.-,---.-,0.00,0.000,--.-,---.-,0.00,0.000,--.-,---.-,0.00,0.000,
36,I-MU-BHND-ENB-9139,12-06-2022,04:11:16,53.5,027.7,1.48,3028.990,--.-,---.-,0.00,0.000,--.-,---.-,0.00,0.000,--.-,---.-,0.00,0.000,
37,I-MU-BHND-ENB-9139,12-06-2022,03:10:55,53.5,032.1,1.71,3027.436,--.-,---.-,0.00,0.000,--.-,---.-,0.00,0.000,--.-,---.-,0.00,0.000,
38,I-MU-BHND-ENB-9139,12-06-2022,02:10:34,53.3,038.7,2.06,3025.805,--.-,---.-,0.00,0.000,--.-,---.-,0.00,0.000,--.-,---.-,0.00,0.000,
39,I-MU-BHND-ENB-9139,12-06-2022,01:10:08,53.3,036.5,1.94,3023.942,--.-,---.-,0.00,0.000,--.-,---.-,0.00,0.000,--.-,---.-,0.00,0.000,
40,I-MU-BHND-ENB-9139,12-06-2022,00:09:49,53.2,046.7,2.48,3021.718,--.-,---.-,0.00,0.000,--.-,---.-,0.00,0.000,--.-,---.-,0.00,0.000,
41,I-MU-BHND-ENB-9139,11-06-2022,23:09:33,53.1,048.7,2.54,3019.228,--.-,---.-,0.00,0.000,--.-,---.-,0.00,0.000,--.-,---.-,0.00,0.000,
42,I-MU-BHND-ENB-9139,11-06-2022,22:09:11,53.0,050.3,2.66,3016.633,--.-,---.-,0.00,0.000,--.-,---.-,0.00,0.000,--.-,---.-,0.00,0.000,
43,I-MU-BHND-ENB-9139,11-06-2022,21:08:48,53.0,050.3,2.66,3014.109,--.-,---.-,0.00,0.000,--.-,---.-,0.00,0.000,--.-,---.-,0.00,0.000,
44,I-MU-BHND-ENB-9139,11-06-2022,20:08:26,53.2,046.1,2.35,3011.651,--.-,---.-,0.00,0.000,--.-,---.-,0.00,0.000,--.-,---.-,0.00,0.000,
45,I-MU-BHND-ENB-9139,11-06-2022,19:08:12,53.0,042.3,2.24,3009.285,--.-,---.-,0.00,0.000,--.-,---.-,0.00,0.000,--.-,---.-,0.00,0.000,
46,I-MU-BHND-ENB-9139,11-06-2022,18:07:51,53.1,046.5,2.46,3007.041,--.-,---.-,0.00,0.000,--.-,---.-,0.00,0.000,--.-,---.-,0.00,0.000,
47,I-MU-BHND-ENB-9139,11-06-2022,17:07:40,53.2,040.2,2.13,3004.861,--.-,---.-,0.00,0.000,--.-,---.-,0.00,0.000,--.-,---.-,0.00,0.000,
48,I-MU-BHND-ENB-9139,11-06-2022,16:07:29,53.2,041.9,2.28,3002.665,--.-,---.-,0.00,0.000,--.-,---.-,0.00,0.000,--.-,---.-,0.00,0.000,
49,I-MU-BHND-ENB-9139,11-06-2022,15:06:36,53.2,040.3,2.14,3000.402,--.-,---.-,0.00,0.000,--.-,---.-,0.00,0.000,--.-,---.-,0.00,0.000,
50,I-MU-BHND-ENB-9139,11-06-2022,14:06:17,53.2,041.6,2.21,2998.088,--.-,---.-,0.00,0.000,--.-,---.-,0.00,0.000,--.-,---.-,0.00,0.000,
51,I-MU-BHND-ENB-9139,11-06-2022,13:06:00,53.0,048.9,2.59,2995.657,--.-,---.-,0.00,0.000,--.-,---.-,0.00,0.000,--.-,---.-,0.00,0.000,
52,I-MU-BHND-ENB-9139,11-06-2022,12:05:40,53.1,040.9,2.17,2993.445,--.-,---.-,0.00,0.000,--.-,---.-,0.00,0.000,--.-,---.-,0.00,0.000,
53,I-MU-BHND-ENB-9139,11-06-2022,11:05:22,53.2,039.5,2.10,2991.160,--.-,---.-,0.00,0.000,--.-,---.-,0.00,0.000,--.-,---.-,0.00,0.000,
54,I-MU-BHND-ENB-9139,11-06-2022,10:05:06,53.2,041.6,2.21,2988.875,--.-,---.-,0.00,0.000,--.-,---.-,0.00,0.000,--.-,---.-,0.00,0.000,
55,I-MU-BHND-ENB-9139,11-06-2022,09:04:44,53.1,046.6,2.47,2986.655,--.-,---.-,0.00,0.000,--.-,---.-,0.00,0.000,--.-,---.-,0.00,0.000,
56,I-MU-BHND-ENB-9139,11-06-2022,08:04:31,53.3,036.1,1.92,2984.500,--.-,---.-,0.00,0.000,--.-,---.-,0.00,0.000,--.-,---.-,0.00,0.000,
57,I-MU-BHND-ENB-9139,11-06-2022,07:04:14,53.3,037.7,2.00,2982.521,--.-,---.-,0.00,0.000,--.-,---.-,0.00,0.000,--.-,---.-,0.00,0.000,
58,I-MU-BHND-ENB-9139,11-06-2022,06:04:02,53.5,026.6,1.42,2980.829,--.-,---.-,0.00,0.000,--.-,---.-,0.00,0.000,--.-,---.-,0.00,0.000,
59,I-MU-BHND-ENB-9139,11-06-2022,05:03:45,53.5,027.0,1.44,2979.353,--.-,---.-,0.00,0.000,--.-,---.-,0.00,0.000,--.-,---.-,0.00,0.000,
60,I-MU-BHND-ENB-9139,11-06-2022,04:03:27,53.5,027.7,1.48,2977.897,--.-,---.-,0.00,0.000,--.-,---.-,0.00,0.000,--.-,---.-,0.00,0.000,
61,I-MU-BHND-ENB-9139,11-06-2022,03:03:12,53.4,032.5,1.73,2976.447,--.-,---.-,0.00,0.000,--.-,---.-,0.00,0.000,--.-,---.-,0.00,0.000,
62,I-MU-BHND-ENB-9139,11-06-2022,02:02:59,53.3,033.7,1.79,2974.818,--.-,---.-,0.00,0.000,--.-,---.-,0.00,0.000,--.-,---.-,0.00,0.000,
63,I-MU-BHND-ENB-9139,11-06-2022,01:02:46,53.2,041.5,2.20,2972.811,--.-,---.-,0.00,0.000,--.-,---.-,0.00,0.000,--.-,---.-,0.00,0.000,
64,I-MU-BHND-ENB-9139,11-06-2022,00:02:28,53.1,046.7,2.47,2970.506,--.-,---.-,0.00,0.000,--.-,---.-,0.00,0.000,--.-,---.-,0.00,0.000,
65,I-MU-BHND-ENB-9139,10-06-2022,23:02:10,53.1,048.6,2.58,2967.959,--.-,---.-,0.00,0.000,--.-,---.-,0.00,0.000,--.-,---.-,0.00,0.000,
66,I-MU-BHND-ENB-9139,10-06-2022,22:01:51,53.1,049.8,2.64,2965.401,--.-,---.-,0.00,0.000,--.-,---.-,0.00,0.000,--.-,---.-,0.00,0.000,
67,I-MU-BHND-ENB-9139,10-06-2022,21:01:32,53.0,049.7,2.63,2962.903,--.-,---.-,0.00,0.000,--.-,---.-,0.00,0.000,--.-,---.-,0.00,0.000,
68,I-MU-BHND-ENB-9139,10-06-2022,20:01:09,53.2,042.9,2.28,2960.455,--.-,---.-,0.00,0.000,--.-,---.-,0.00,0.000,--.-,---.-,0.00,0.000,
69,I-MU-BHND-ENB-9139,10-06-2022,19:00:46,53.1,044.2,2.34,2958.090,--.-,---.-,0.00,0.000,--.-,---.-,0.00,0.000,--.-,---.-,0.00,0.000,
70,I-MU-BHND-ENB-9139,10-06-2022,18:00:33,53.1,044.0,2.33,2955.841,--.-,---.-,0.00,0.000,--.-,---.-,0.00,0.000,--.-,---.-,0.00,0.000,
71,I-MU-BHND-ENB-9139,10-06-2022,17:00:15,53.1,042.7,2.26,2953.635,--.-,---.-,0.00,0.000,--.-,---.-,0.00,0.000,--.-,---.-,0.00,0.000,
72,I-MU-BHND-ENB-9139,10-06-2022,15:59:59,53.1,044.7,2.37,2951.406,--.-,---.-,0.00,0.000,--.-,---.-,0.00,0.000,--.-,---.-,0.00,0.000,
73,I-MU-BHND-ENB-9139,10-06-2022,14:59:42,53.2,039.2,2.08,2949.099,--.-,---.-,0.00,0.000,--.-,---.-,0.00,0.000,--.-,---.-,0.00,0.000,
74,I-MU-BHND-ENB-9139,10-06-2022,13:59:24,53.0,050.8,2.69,2946.701,--.-,---.-,0.00,0.000,--.-,---.-,0.00,0.000,--.-,---.-,0.00,0.000,
75,I-MU-BHND-ENB-9139,10-06-2022,12:59:11,53.2,040.7,2.16,2944.299,--.-,---.-,0.00,0.000,--.-,---.-,0.00,0.000,--.-,---.-,0.00,0.000,
76,I-MU-BHND-ENB-9139,10-06-2022,11:58:49,53.2,036.6,1.94,2942.031,--.-,---.-,0.00,0.000,--.-,---.-,0.00,0.000,--.-,---.-,0.00,0.000,
77,I-MU-BHND-ENB-9139,10-06-2022,10:58:36,53.0,044.9,2.37,2939.725,--.-,---.-,0.00,0.000,--.-,---.-,0.00,0.000,--.-,---.-,0.00,0.000,
78,I-MU-BHND-ENB-9139,10-06-2022,09:58:18,53.1,043.1,2.28,2937.471,--.-,---.-,0.00,0.000,--.-,---.-,0.00,0.000,--.-,---.-,0.00,0.000,
79,I-MU-BHND-ENB-9139,10-06-2022,08:57:56,53.1,041.1,2.18,2935.151,--.-,---.-,0.00,0.000,--.-,---.-,0.00,0.000,--.-,---.-,0.00,0.000,
80,I-MU-BHND-ENB-9139,10-06-2022,07:57:39,53.2,037.6,2.00,2932.878,--.-,---.-,0.00,0.000,--.-,---.-,0.00,0.000,--.-,---.-,0.00,0.000,
81,I-MU-BHND-ENB-9139,10-06-2022,06:57:26,53.3,041.5,2.08,2930.812,--.-,---.-,0.00,0.000,--.-,---.-,0.00,0.000,--.-,---.-,0.00,0.000,
82,I-MU-BHND-ENB-9139,10-06-2022,05:57:11,53.4,032.5,1.73,2929.037,--.-,---.-,0.00,0.000,--.-,---.-,0.00,0.000,--.-,---.-,0.00,0.000,
83,I-MU-BHND-ENB-9139,10-06-2022,04:57:00,53.5,027.7,1.48,2927.574,--.-,---.-,0.00,0.000,--.-,---.-,0.00,0.000,--.-,---.-,0.00,0.000,
84,I-MU-BHND-ENB-9139,10-06-2022,03:56:48,53.5,027.4,1.46,2926.074,--.-,---.-,0.00,0.000,--.-,---.-,0.00,0.000,--.-,---.-,0.00,0.000,
85,I-MU-BHND-ENB-9139,10-06-2022,02:56:31,53.4,032.1,1.71,2924.531,--.-,---.-,0.00,0.000,--.-,---.-,0.00,0.000,--.-,---.-,0.00,0.000,
86,I-MU-BHND-ENB-9139,10-06-2022,01:56:18,53.3,039.4,2.10,2922.877,--.-,---.-,0.00,0.000,--.-,---.-,0.00,0.000,--.-,---.-,0.00,0.000,
87,I-MU-BHND-ENB-9139,10-06-2022,00:56:00,53.3,038.5,2.05,2920.907,--.-,---.-,0.00,0.000,--.-,---.-,0.00,0.000,--.-,---.-,0.00,0.000,
88,I-MU-BHND-ENB-9139,09-06-2022,23:55:49,53.2,049.6,2.44,2918.570,--.-,---.-,0.00,0.000,--.-,---.-,0.00,0.000,--.-,---.-,0.00,0.000,
89,I-MU-BHND-ENB-9139,09-06-2022,22:55:38,53.1,050.7,2.69,2915.998,--.-,---.-,0.00,0.000,--.-,---.-,0.00,0.000,--.-,---.-,0.00,0.000,
90,I-MU-BHND-ENB-9139,09-06-2022,21:55:20,53.1,050.6,2.68,2913.390,--.-,---.-,0.00,0.000,--.-,---.-,0.00,0.000,--.-,---.-,0.00,0.000,
91,I-MU-BHND-ENB-9139,09-06-2022,20:55:05,53.2,046.0,2.44,2910.769,--.-,---.-,0.00,0.000,--.-,---.-,0.00,0.000,--.-,---.-,0.00,0.000,
92,I-MU-BHND-ENB-9139,09-06-2022,19:54:50,53.1,049.7,2.63,2908.214,--.-,---.-,0.00,0.000,--.-,---.-,0.00,0.000,--.-,---.-,0.00,0.000,
93,I-MU-BHND-ENB-9139,09-06-2022,18:54:38,53.1,044.2,2.34,2905.814,--.-,---.-,0.00,0.000,--.-,---.-,0.00,0.000,--.-,---.-,0.00,0.000,
94,I-MU-BHND-ENB-9139,09-06-2022,17:54:15,53.1,044.1,2.34,2903.515,--.-,---.-,0.00,0.000,--.-,---.-,0.00,0.000,--.-,---.-,0.00,0.000,
95,I-MU-BHND-ENB-9139,09-06-2022,16:54:01,53.2,040.4,2.14,2901.272,--.-,---.-,0.00,0.000,--.-,---.-,0.00,0.000,--.-,---.-,0.00,0.000,
96,I-MU-BHND-ENB-9139,09-06-2022,15:53:43,53.1,046.5,2.46,2898.939,--.-,---.-,0.00,0.000,--.-,---.-,0.00,0.000,--.-,---.-,0.00,0.000,
97,I-MU-BHND-ENB-9139,09-06-2022,14:53:33,53.0,047.7,2.52,2896.589,--.-,---.-,0.00,0.000,--.-,---.-,0.00,0.000,--.-,---.-,0.00,0.000,
98,I-MU-BHND-ENB-9139,09-06-2022,13:53:16,52.9,051.9,2.74,2894.139,--.-,---.-,0.00,0.000,--.-,---.-,0.00,0.000,--.-,---.-,0.00,0.000,
99,I-MU-BHND-ENB-9139,09-06-2022,12:52:55,53.0,042.7,2.28,2891.762,--.-,---.-,0.00,0.000,--.-,---.-,0.00,0.000,--.-,---.-,0.00,0.000,
100,I-MU-BHND-ENB-9139,09-06-2022,11:52:44,53.1,042.1,2.23,2889.481,--.-,---.-,0.00,0.000,--.-,---.-,0.00,0.000,--.-,---.-,0.00,0.000,
101,I-MU-BHND-ENB-9139,09-06-2022,10:52:31,53.2,039.0,2.07,2887.233,--.-,---.-,0.00,0.000,--.-,---.-,0.00,0.000,--.-,---.-,0.00,0.000,
102,I-MU-BHND-ENB-9139,09-06-2022,09:51:51,53.1,044.7,2.37,2885.000,--.-,---.-,0.00,0.000,--.-,---.-,0.00,0.000,--.-,---.-,0.00,0.000,
103,I-MU-BHND-ENB-9139,09-06-2022,08:51:33,53.2,039.9,2.12,2882.799,--.-,---.-,0.00,0.000,--.-,---.-,0.00,0.000,--.-,---.-,0.00,0.000,
104,I-MU-BHND-ENB-9139,09-06-2022,07:51:11,53.2,040.6,2.15,2880.648,--.-,---.-,0.00,0.000,--.-,---.-,0.00,0.000,--.-,---.-,0.00,0.000,
105,I-MU-BHND-ENB-9139,09-06-2022,06:50:48,53.4,029.0,1.54,2878.719,--.-,---.-,0.00,0.000,--.-,---.-,0.00,0.000,--.-,---.-,0.00,0.000,
106,I-MU-BHND-ENB-9139,09-06-2022,05:50:35,53.5,025.8,1.38,2877.062,--.-,---.-,0.00,0.000,--.-,---.-,0.00,0.000,--.-,---.-,0.00,0.000,
107,I-MU-BHND-ENB-9139,09-06-2022,04:50:13,53.5,030.9,1.65,2875.640,--.-,---.-,0.00,0.000,--.-,---.-,0.00,0.000,--.-,---.-,0.00,0.000,
108,I-MU-BHND-ENB-9139,09-06-2022,03:49:54,53.5,025.6,1.36,2874.207,--.-,---.-,0.00,0.000,--.-,---.-,0.00,0.000,--.-,---.-,0.00,0.000,
109,I-MU-BHND-ENB-9139,09-06-2022,02:49:32,53.4,031.1,1.66,2872.704,--.-,---.-,0.00,0.000,--.-,---.-,0.00,0.000,--.-,---.-,0.00,0.000,
110,I-MU-BHND-ENB-9139,09-06-2022,01:49:15,53.2,039.2,2.08,2870.953,--.-,---.-,0.00,0.000,--.-,---.-,0.00,0.000,--.-,---.-,0.00,0.000,
111,I-MU-BHND-ENB-9139,09-06-2022,00:48:55,53.2,039.8,2.11,2868.978,--.-,---.-,0.00,0.000,--.-,---.-,0.00,0.000,--.-,---.-,0.00,0.000,
112,I-MU-BHND-ENB-9139,08-06-2022,23:48:39,53.1,048.9,2.59,2866.676,--.-,---.-,0.00,0.000,--.-,---.-,0.00,0.000,--.-,---.-,0.00,0.000,
113,I-MU-BHND-ENB-9139,08-06-2022,22:48:22,53.1,047.4,2.51,2864.097,--.-,---.-,0.00,0.000,--.-,---.-,0.00,0.000,--.-,---.-,0.00,0.000,
114,I-MU-BHND-ENB-9139,08-06-2022,21:48:05,53.1,046.1,2.44,2861.493,--.-,---.-,0.00,0.000,--.-,---.-,0.00,0.000,--.-,---.-,0.00,0.000,
115,I-MU-BHND-ENB-9139,08-06-2022,20:47:49,53.1,048.1,2.55,2859.004,--.-,---.-,0.00,0.000,--.-,---.-,0.00,0.000,--.-,---.-,0.00,0.000,
116,I-MU-BHND-ENB-9139,08-06-2022,19:47:27,53.2,043.1,2.29,2856.594,--.-,---.-,0.00,0.000,--.-,---.-,0.00,0.000,--.-,---.-,0.00,0.000,
117,I-MU-BHND-ENB-9139,08-06-2022,18:47:13,53.1,042.5,2.25,2854.310,--.-,---.-,0.00,0.000,--.-,---.-,0.00,0.000,--.-,---.-,0.00,0.000,
118,I-MU-BHND-ENB-9139,08-06-2022,17:46:27,53.1,045.1,2.17,2852.102,--.-,---.-,0.00,0.000,--.-,---.-,0.00,0.000,--.-,---.-,0.00,0.000,
119,I-MU-BHND-ENB-9139,08-06-2022,16:46:10,53.1,044.3,2.35,2849.882,--.-,---.-,0.00,0.000,--.-,---.-,0.00,0.000,--.-,---.-,0.00,0.000,
120,,08-06-2022,15:45:48,53.0,045.8,2.42,2847.579,--.-,---.-,0.00,0.000,--.-,---.-,0.00,0.000,--.-,---.-,0.00,0.000,
121,,08-06-2022,14:45:31,53.1,040.0,2.12,2845.270,--.-,---.-,0.00,0.000,--.-,---.-,0.00,0.000,--.-,---.-,0.00,0.000,
122,,08-06-2022,13:45:13,53.1,044.4,2.35,2842.856,--.-,---.-,0.00,0.000,--.-,---.-,0.00,0.000,--.-,---.-,0.00,0.000,
123,,08-06-2022,12:44:51,53.1,044.3,2.35,2840.401,--.-,---.-,0.00,0.000,--.-,---.-,0.00,0.000,--.-,---.-,0.00,0.000,
124,,08-06-2022,11:44:31,53.1,043.1,2.28,2838.129,--.-,---.-,0.00,0.000,--.-,---.-,0.00,0.000,--.-,---.-,0.00,0.000,
125,,08-06-2022,10:44:09,53.1,046.6,2.47,2835.834,--.-,---.-,0.00,0.000,--.-,---.-,0.00,0.000,--.-,---.-,0.00,0.000,
126,,08-06-2022,03:08:56,53.4,026.1,1.39,2821.930,--.-,---.-,0.00,0.000,--.-,---.-,0.00,0.000,--.-,---.-,0.00,0.000,
127,,08-06-2022,02:08:33,53.4,030.2,1.61,2820.356,--.-,---.-,0.00,0.000,--.-,---.-,0.00,0.000,--.-,---.-,0.00,0.000,
128,,08-06-2022,01:08:21,53.1,046.1,2.44,2818.364,--.-,---.-,0.00,0.000,--.-,---.-,0.00,0.000,--.-,---.-,0.00,0.000,
129,,08-06-2022,00:08:06,53.2,039.9,2.03,2816.167,--.-,---.-,0.00,0.000,--.-,---.-,0.00,0.000,--.-,---.-,0.00,0.000,
130,,07-06-2022,23:07:48,53.0,050.5,2.67,2813.630,--.-,---.-,0.00,0.000,--.-,---.-,0.00,0.000,--.-,---.-,0.00,0.000,
131,,07-06-2022,22:07:25,53.1,047.8,2.53,2811.013,--.-,---.-,0.00,0.000,--.-,---.-,0.00,0.000,--.-,---.-,0.00,0.000,
132,,07-06-2022,21:07:08,53.1,049.7,2.63,2808.456,--.-,---.-,0.00,0.000,--.-,---.-,0.00,0.000,--.-,---.-,0.00,0.000,
133,,07-06-2022,20:06:48,53.1,044.7,2.37,2805.963,--.-,---.-,0.00,0.000,--.-,---.-,0.00,0.000,--.-,---.-,0.00,0.000,
134,,07-06-2022,19:06:31,53.2,043.6,2.31,2803.582,--.-,---.-,0.00,0.000,--.-,---.-,0.00,0.000,--.-,---.-,0.00,0.000,
135,,07-06-2022,18:06:11,53.1,045.8,2.43,2801.256,--.-,---.-,0.00,0.000,--.-,---.-,0.00,0.000,--.-,---.-,0.00,0.000,
136,,07-06-2022,17:05:52,53.1,045.0,2.38,2798.960,--.-,---.-,0.00,0.000,--.-,---.-,0.00,0.000,--.-,---.-,0.00,0.000,
137,,07-06-2022,16:05:30,53.1,046.1,2.44,2796.721,--.-,---.-,0.00,0.000,--.-,---.-,0.00,0.000,--.-,---.-,0.00,0.000,
138,,06-06-2022,10:10:22,0.0,0.0,0.0,0.0,0.0,0.0,0.0,0.0,0.0,0.0,0.0,0.0,0.0,0.0,0.0,0.0,
139,,05-06-2022,20:57:17,0.0,0.0,0.0,0.0,0.0,0.0,0.0,0.0,0.0,0.0,0.0,0.0,0.0,0.0,0.0,0.0,
140,,05-06-2022,19:50:47,0.0,0.0,0.0,0.0,0.0,0.0,0.0,0.0,0.0,0.0,0.0,0.0,0.0,0.0,0.0,0.0,
141,,05-06-2022,08:24:19,53.1,043.0,2.28,2674.875,--.-,---.-,0.00,0.000,--.-,---.-,0.00,0.000,--.-,---.-,0.00,0.000,
142,,03-06-2022,16:12:53,0.0,0.0,0.0,0.0,0.0,0.0,0.0,0.0,0.0,0.0,0.0,0.0,0.0,0.0,0.0,0.0,
143,,02-06-2022,07:45:28,53.3,034.9,1.86,2520.651,--.-,---.-,0.00,0.000,--.-,---.-,0.00,0.000,--.-,---.-,0.00,0.000,
144,,01-06-2022,09:45:31,0.0,0.0,0.0,0.0,0.0,0.0,0.0,0.0,0.0,0.0,0.0,0.0,0.0,0.0,0.0,0.0,
145,,31-05-2022,18:03:45,0.0,0.0,0.0,0.0,0.0,0.0,0.0,0.0,0.0,0.0,0.0,0.0,0.0,0.0,0.0,0.0,
146,,29-05-2022,21:08:00,53.1,048.5,2.57,2346.942,--.-,---.-,0.00,0.000,--.-,---.-,0.00,0.000,--.-,---.-,0.00,0.000,
147,,27-05-2022,10:08:11,0.0,0.0,0.0,0.0,0.0,0.0,0.0,0.0,0.0,0.0,0.0,0.0,0.0,0.0,0.0,0.0,
148,,26-05-2022,18:00:51,0.0,0.0,0.0,0.0,0.0,0.0,0.0,0.0,0.0,0.0,0.0,0.0,0.0,0.0,0.0,0.0,
149,,26-05-2022,16:49:47,0.0,0.0,0.0,0.0,0.0,0.0,0.0,0.0,0.0,0.0,0.0,0.0,0.0,0.0,0.0,0.0,
